{
   "name": "Creature Loot",
   "title": "Anne Gregersen's Creature Loot",
   "description": "Anne Gregersen's Creature Loot",
   "author": "Wyn",
   "version": "1.0.5",
   "minimumCoreVersion": "0.5.0",
   "compatibleCoreVersion":"0.7.9",
   "manifest": "https://raw.githubusercontent.com/wymesue/Creature-Loot/main/module.json",
   "download": "https://raw.githubusercontent.com/wymesue/Creature-Loot/main/Creature-Loot.zip",
   "packs": [
    {
      "name": "Anne Gregersen's Creature Loot",
      "label": "Anne Gregersen's Creature Loot",
      "path": "packs/anne-gregersens-creature-loot-journal.db",
      "entity": "JournalEntry",
      "module": "Creature Loot"
    },
	{
      "name": "Mordenkainens Tome of Foes - Items",
      "label": "Mordenkainens Tome of Foes - Items",
      "path": "packs/mordenkainens-tome-of-foes-items.db",
      "entity": "Item",
      "module": "Creature Loot"
    },
		{
      "name": "Curse of Strahd - Items",
      "label": "Curse of Strahd - Items",
      "path": "packs/curse-of-strahd.db",
      "entity": "Item",
      "module": "Creature Loot"
    },
		{
      "name": "Volos Guide to Monsters - Items",
      "label": "Volos Guide to Monsters - Items",
      "path": "packs/volos-guide-to-monsters-items.db",
      "entity": "Item",
      "module": "Creature Loot"
    },
		{
      "name": "Balder's Gate:Descent into Avernus - Items",
      "label": "Balder's Gate:Descent into Avernus",
      "path": "packs/balders-gate-descent-into-avernus.db",
      "entity": "Item",
      "module": "Creature Loot"
    },	
    {
      "name": "Monster Manual - Items",
      "label": "Monster Manual - Items",
      "path": "packs/monster-manual-items.db",
      "entity": "Item",
      "module": "Creature Loot"
    }
  ]
}
